kind,id,parent_id,title,description,details,testStrategy,priority,dependencies,status,complexity,recommendedSubtasks,expansionPrompt,updatedAt
task,21,,Setup Project Repository,Initialize the project repository with the necessary structure and configuration files.,Create a Git repository and set up the initial directory structure as outlined in the PRD. Include a README.md and a .gitignore file. Initialize a Python virtual environment and install initial dependencies such as FastAPI and Pydantic.,Verify the repository structure matches the PRD. Ensure all initial dependencies are installed without errors.,medium,,done,3,0,No expansion needed for this task.,2026-01-22T16:55:04.922Z
task,22,,Implement Strategy Registry,Develop a central registry for type-safe strategy lookup and metadata.,Create a decorator-based registration system for strategies. Implement validation to ensure strategies conform to expected interfaces. Provide a method to list all registered strategies with their metadata.,"Write unit tests to register, list, and validate strategies. Ensure duplicate registrations are handled gracefully.",medium,21,done,5,3,Break down this task with a focus on implement strategy registry.,2026-01-22T19:01:45.192Z
task,23,,Develop Cost Tracking Module,Create a module to calculate and aggregate API costs using versioned pricing.,"Load pricing data from a JSON configuration file. Implement functions to calculate costs based on input and output tokens, supporting historical pricing. Provide a fallback to default pricing if necessary.",Test cost calculations with various token counts and pricing configurations. Validate historical pricing support.,medium,21,done,5,3,Break down this task with a focus on develop cost tracking module.,2026-01-22T20:06:46.416Z
task,24,,Build Single Strategy Execution,Implement the execution of a single RAG strategy with configuration and metrics tracking.,"Develop a function to execute a strategy based on its name and configuration. Track execution metrics such as cost, latency, and token counts. Integrate with the strategy registry and cost tracking modules.",Mock strategy executions and verify that metrics are accurately tracked and returned.,medium,"22,23",done,7,0,No expansion needed for this task.,2026-01-22T21:02:22.717Z
subtask,1,24,Design Execution Logic,Create a detailed design for executing a RAG strategy.,Outline the steps and components needed to execute a strategy based on its configuration. Define interfaces and data flow.,Review design with stakeholders and validate against requirements.,,,pending,,,,
subtask,2,24,Implement Metrics Tracking,Develop functionality to track execution metrics.,"Implement tracking for cost, latency, and token counts. Ensure metrics are collected and stored efficiently.",Simulate executions and verify metrics are recorded accurately.,,1,pending,,,,
subtask,3,24,Integrate with Strategy Registry,Connect the execution logic with the strategy registry.,Ensure the execution function can retrieve strategies from the registry. Handle errors and validate strategy data.,Test integration with mock registry data to ensure correct strategy retrieval.,,1,pending,,,,
subtask,4,24,Test Execution and Metrics,Test the execution logic and metrics tracking.,Develop tests to ensure the execution function works as expected and metrics are tracked correctly. Use mock data for testing.,Use unit and integration tests to validate execution and metrics accuracy.,,"2,3",pending,,,,
task,25,,Create Chain State Management,Manage immutable ChainContext that passes between strategy steps.,Implement a frozen dataclass for ChainContext. Include methods for functional updates using with_* methods to maintain immutability.,Test the immutability of ChainContext and the correctness of functional updates.,medium,21,done,5,3,Break down this task with a focus on create chain state management.,2026-01-22T20:32:12.823Z
task,26,,Implement Sequential Strategy Executor,Develop functionality to execute strategies sequentially in a chain.,"Create a function to iterate through a list of strategies, executing each in sequence and updating the ChainContext. Ensure each step's results are appended to the context.","Test sequential execution with mock strategies, verifying context updates at each step.",medium,"24,25",done,6,0,No expansion needed for this task.,2026-01-22T21:12:46.812Z
subtask,1,26,Design Strategy Execution Flow,Outline the flow for executing strategies in sequence.,"Create a flowchart or diagram to visualize the sequential execution of strategies, ensuring each step updates the ChainContext appropriately.",None,,,pending,,,,
subtask,2,26,Implement Strategy Execution Logic,Develop the core logic to execute strategies sequentially.,"Write a function that iterates through a list of strategies, executing each one in order and updating the ChainContext with the results of each step.",Use mock strategies to verify that each step updates the context correctly.,,1,pending,,,,
subtask,3,26,Test Sequential Execution,Verify the sequential execution of strategies and context updates.,Develop tests to ensure that strategies are executed in the correct order and that the ChainContext is updated accurately after each execution.,Implement unit tests with mock strategies to validate the execution order and context updates.,,2,pending,,,,
task,27,,Add Chain Fallback Handler,Handle failures during chain execution with graceful fallback mechanisms.,Implement error handling to log failures and attempt fallback strategies if configured. Use exception chaining to provide detailed error context.,Simulate failures and test fallback execution paths. Verify error logging and exception chaining.,medium,26,done,6,0,No expansion needed for this task.,2026-01-22T21:14:27.223Z
subtask,1,27,Design Fallback Mechanism,Create a detailed design for the fallback mechanism to handle chain execution failures.,Outline the fallback strategies and error handling flow. Consider different failure scenarios and how the system should respond.,Review design with stakeholders and validate against requirements.,,,pending,,,,
subtask,2,27,Implement Error Handling and Fallback Logic,Develop the error handling and fallback logic for chain execution.,Implement logging of failures and configure fallback strategies. Use exception chaining to provide detailed error context.,Simulate various failure scenarios and verify that fallback logic executes correctly.,,1,pending,,,,
subtask,3,27,Test Fallback Scenarios,Test the implemented fallback mechanisms to ensure reliability and correctness.,Create test cases to simulate failures and verify that the fallback mechanisms work as intended. Ensure error logging and exception chaining are functioning.,Run automated tests and perform manual testing to cover edge cases.,,2,pending,,,,
task,28,,Develop Parallel Execution Engine,Run multiple strategies concurrently using asyncio.gather.,Implement a function to execute strategies concurrently. Use asyncio.gather to manage parallel execution and handle exceptions.,"Test concurrent execution with mock strategies, ensuring results and errors are correctly handled.",medium,24,done,5,3,Break down this task with a focus on develop parallel execution engine.,2026-01-22T21:04:06.670Z
subtask,1,28,Implement Strategy Execution Function,Develop a function to execute multiple strategies concurrently using asyncio.gather.,Create a function that accepts a list of strategy functions and uses asyncio.gather to run them concurrently. Ensure that the function can handle exceptions gracefully and return results or errors appropriately.,Test with mock strategies to ensure concurrent execution and error handling.,,,pending,,,,
subtask,2,28,Integrate Exception Handling in Parallel Execution,Enhance the parallel execution engine to manage exceptions effectively during strategy execution.,Modify the execution function to include robust exception handling. Use try-except blocks to capture and log exceptions without stopping the execution of other strategies. Ensure that exceptions are returned in a structured format.,"Test with strategies designed to fail, ensuring exceptions are logged and handled without affecting other executions.",,1,pending,,,,
task,29,,Implement Resource Semaphore Manager,Limit concurrent access to shared resources using semaphores.,Use asyncio.Semaphore to manage resource limits for database and API connections. Implement cleanup using AsyncExitStack.,"Test resource limiting with mock strategies, ensuring semaphores are respected.",medium,28,done,5,0,No expansion needed for this task.,2026-01-22T21:06:14.823Z
task,30,,Create Comparison Result Aggregator,Aggregate results from parallel execution for comparison.,"Develop functionality to aggregate execution results, calculate relative metrics, and rank strategies by latency, cost, and accuracy.","Test aggregation logic with varied results, verifying correct metric calculations and rankings.",medium,28,done,5,3,Break down this task with a focus on create comparison result aggregator.,2026-01-22T21:08:10.252Z
task,31,,Add Timeout and Partial Failure Handler,Handle timeouts and partial failures in parallel execution.,"Implement logic to separate successful results from failures, log timeouts, and continue processing with available results.","Simulate timeouts and failures, verifying correct handling and logging.",medium,28,done,5,3,Break down this task with a focus on add timeout and partial failure handler.,2026-01-22T21:08:41.905Z
task,32,,Implement IR Metrics Calculation,"Calculate IR metrics such as Precision@k, Recall@k, MRR, and NDCG@k.",Use the ir-measures library to calculate metrics. Implement comprehensive validation and edge case handling.,"Test metric calculations with various input scenarios, including edge cases.",medium,21,done,5,3,Break down this task with a focus on implement ir metrics calculation.,2026-01-22T20:34:44.726Z
subtask,1,32,Implement Precision@k and Recall@k Calculation,Develop functions to calculate Precision@k and Recall@k using the ir-measures library.,Use the ir-measures library to implement functions for calculating Precision@k and Recall@k. Ensure the functions handle various input sizes and edge cases.,Test with different k values and edge cases.,,,pending,,,,
subtask,2,32,Implement MRR and NDCG@k Calculation,Create functions to calculate MRR and NDCG@k using the ir-measures library.,Utilize the ir-measures library to implement functions for MRR and NDCG@k. Include validation for input data and handle edge cases effectively.,Test with diverse datasets and edge cases to ensure accuracy.,,1,pending,,,,
task,33,,Develop Benchmark Runner,Run multiple queries across strategies for statistical analysis.,Implement a runner to execute benchmarks with multiple iterations for stability. Provide statistical summaries and strategy rankings.,"Test benchmark execution with mock data, verifying statistical accuracy.",medium,32,done,7,0,No expansion needed for this task.,2026-01-22T20:37:40.369Z
subtask,1,33,Design Benchmark Framework,Create a framework to support benchmark execution and analysis.,"Outline the architecture for the benchmark runner, including modules for execution, data collection, and analysis. Define interfaces for strategy integration.",Review design with stakeholders and validate against requirements.,,,pending,,,,
subtask,2,33,Implement Execution Logic,Develop the logic to execute benchmarks with multiple iterations.,Implement the core execution engine using asyncio for parallel execution. Ensure it can handle multiple strategies and iterations for stability.,Test execution with mock strategies to ensure correct iteration and concurrency handling.,,1,pending,,,,
subtask,3,33,Develop Statistical Analysis,Create modules to analyze benchmark results and provide statistical summaries.,"Implement functions to calculate statistical metrics such as mean, median, and standard deviation. Rank strategies based on performance metrics.",Use sample data to verify statistical calculations and rankings.,,"1,2",pending,,,,
task,34,,Create Ground Truth Management,"Load, validate, and manage test datasets with ground truth.","Implement functionality to load datasets, validate schema, and support train/test splits. Use LLM-assisted generation for ground truth.",Test dataset loading and validation with sample data. Verify train/test split functionality.,medium,32,done,6,0,No expansion needed for this task.,2026-01-22T20:41:07.187Z
subtask,1,34,Load and Validate Datasets,Implement functionality to load datasets and validate their schema.,Develop a module to load datasets from various sources and validate their schema against predefined standards.,Test with sample datasets to ensure correct loading and schema validation.,,,pending,,,,
subtask,2,34,Implement Train/Test Split Support,Add support for splitting datasets into training and testing sets.,Create functions to split datasets into train and test sets based on configurable ratios.,Verify the split functionality with different dataset sizes and configurations.,,1,pending,,,,
subtask,3,34,Integrate LLM-Assisted Ground Truth Generation,Use LLMs to assist in generating ground truth data for datasets.,"Integrate LLMs to enhance ground truth data generation, ensuring compatibility with existing data structures.",Test LLM integration by generating ground truth for sample datasets and validating output accuracy.,,"1,2",pending,,,,
task,35,,Generate Markdown Report,Create markdown-formatted evaluation reports.,"Develop a report generator to produce markdown reports with metrics tables, strategy rankings, and cost breakdowns.","Test report generation with sample data, verifying formatting and content accuracy.",medium,33,done,5,3,Break down this task with a focus on generate markdown report.,2026-01-22T20:43:19.734Z
task,36,,Create HTML Report Generator,Generate styled HTML evaluation reports with interactive elements.,Implement HTML report generation with CSS styling and placeholders for visual charts. Ensure reports are interactive and visually appealing.,"Test HTML generation and styling, ensuring reports are correctly formatted and interactive.",medium,35,done,5,3,Break down this task with a focus on create html report generator.,2026-01-22T20:46:15.738Z
task,37,,Develop JSON Report Exporter,Export evaluation data as structured JSON.,"Implement functionality to serialize evaluation data into JSON format, including all metrics and configuration details.","Test JSON serialization and deserialization, ensuring data integrity.",medium,35,done,5,3,Break down this task with a focus on develop json report exporter.,2026-01-22T20:46:56.589Z
task,38,,Setup API Key Hash Verification,Verify API keys using SHA256 hash against a database.,Implement API key verification by hashing the key and checking against stored hashes. Ensure keys are active and not expired.,"Test key verification with valid, invalid, and expired keys.",medium,21,done,5,3,Break down this task with a focus on setup api key hash verification.,2026-01-22T20:48:59.411Z
task,39,,Implement Atomic Key Usage Update,Update API key usage timestamp atomically during verification.,"Use a single UPDATE...RETURNING query to update the last_used_at timestamp, preventing race conditions.","Test concurrent key verification, ensuring timestamps are updated correctly.",medium,38,done,4,0,No expansion needed for this task.,2026-01-22T20:49:56.275Z
task,40,,Develop Redis Sliding Window Counter,Implement sliding window rate limiting with Redis sorted sets.,"Use Redis ZADD, ZREMRANGEBYSCORE, and ZCARD operations to implement rate limiting. Clean up old entries and calculate current request counts.","Test rate limiting behavior with mock Redis, verifying correct request counting and cleanup.",medium,21,done,5,3,Break down this task with a focus on develop redis sliding window counter.,2026-01-22T20:51:53.680Z
task,41,,Create Rate Limit Result Calculator,Calculate rate limit status from Redis counter data.,"Implement logic to determine if requests are allowed based on current count, max limit, and window reset time.","Test rate limit calculations with various scenarios, ensuring correct results.",medium,40,done,5,3,Break down this task with a focus on create rate limit result calculator.,2026-01-22T20:53:36.657Z
task,42,,Add Rate Limiter Fail-Open Handler,Handle Redis failures gracefully in rate limiting.,Implement a fail-open strategy that logs errors and allows requests if Redis is unavailable.,Simulate Redis failures and verify fail-open behavior.,medium,40,done,5,3,Break down this task with a focus on add rate limiter fail-open handler.,2026-01-22T20:53:47.435Z
task,43,,Develop Strategy Endpoints,"Create REST endpoints for strategy execution, chaining, and comparison.","Implement FastAPI endpoints for executing, chaining, and comparing strategies. Use Pydantic for request validation and provide OpenAPI documentation.","Test endpoints with various requests, verifying correct execution and response formatting.",medium,"24,26,28,38",done,5,3,Break down this task with a focus on develop strategy endpoints.,2026-01-22T21:20:24.745Z
task,44,,Create Metrics Calculation Endpoint,Develop a POST endpoint for calculating IR metrics.,"Implement an endpoint that accepts retrieved and ground truth IDs, calculates metrics, and returns results in JSON format.","Test endpoint with sample data, verifying metric calculations and response structure.",medium,"32,38",done,5,3,Break down this task with a focus on create metrics calculation endpoint.,2026-01-22T21:16:26.545Z
task,45,,Add Batch Metrics Endpoint,Develop a POST endpoint for evaluating multiple queries at once.,"Implement functionality to process multiple queries in a single request, aggregate results, and return summary statistics.","Test batch processing with sample data, ensuring correct aggregation and response.",medium,44,done,5,3,Break down this task with a focus on add batch metrics endpoint.,2026-01-22T21:16:58.019Z
task,46,,Create Async Benchmark Trigger Endpoint,Develop a POST endpoint to start long-running benchmarks asynchronously.,Implement an endpoint to queue benchmark tasks and return a benchmark ID for status polling. Ensure immediate response after queuing.,"Test task queuing and immediate response, verifying benchmark execution.",medium,"33,38",done,5,3,Break down this task with a focus on create async benchmark trigger endpoint.,2026-01-22T21:18:37.713Z
task,47,,Develop Benchmark Status Endpoint,Create a GET endpoint to check benchmark progress and results.,"Implement functionality to query benchmark status and return progress or results if complete. Support pending, running, and complete states.","Test status checking with various benchmark states, ensuring correct progress reporting.",medium,46,done,5,3,Break down this task with a focus on develop benchmark status endpoint.,2026-01-22T21:18:48.753Z
task,48,,Setup Embedding Cache Core,Implement LRU cache storage for embedding vectors.,Develop a thread-safe LRU cache for storing embedding vectors. Use SHA256 hashes as keys and implement eviction policies.,"Test cache operations, including insertion, eviction, and concurrent access.",medium,21,done,5,3,Break down this task with a focus on setup embedding cache core.,2026-01-22T20:55:59.329Z
task,49,,Create Embedding Cache Key Generator,Generate deterministic cache keys for embeddings using SHA256.,Implement a function to generate cache keys by hashing text and model names. Ensure keys are unique and collision-resistant.,"Test key generation with various inputs, verifying uniqueness and consistency.",medium,48,done,5,3,Break down this task with a focus on create embedding cache key generator.,2026-01-22T20:56:56.417Z
task,50,,Develop Query Result TTL Cache,Implement a time-based cache for strategy execution results.,Create a TTL cache for storing execution results. Configure per-strategy TTLs and ensure automatic expiration of old entries.,Test TTL expiration and cache behavior with different strategies.,medium,48,done,5,0,No expansion needed for this task.,2026-01-22T20:58:50.978Z
