taskId,taskTitle,complexityScore,recommendedSubtasks,expansionPrompt,reasoning,reportGeneratedAt,thresholdScore,tasksAnalyzed
21,Setup Project Repository,3,0,No expansion needed for this task.,This task involves setting up a basic project structure and initializing dependencies. It is straightforward with minimal technical challenges and no dependencies.,2026-01-22T04:07:44.356Z,5,30
26,Implement Sequential Strategy Executor,6,0,No expansion needed for this task.,"This task requires integrating multiple components and ensuring correct sequential execution, which involves moderate complexity due to dependencies and testing requirements.",2026-01-22T04:07:44.356Z,5,30
29,Implement Resource Semaphore Manager,5,0,No expansion needed for this task.,"Managing concurrency with semaphores involves understanding async programming and resource management, adding moderate complexity.",2026-01-22T04:07:44.356Z,5,30
39,Implement Atomic Key Usage Update,4,0,No expansion needed for this task.,"This task involves database operations to ensure atomic updates, which is relatively straightforward but requires careful handling of concurrency.",2026-01-22T04:07:44.356Z,5,30
24,Build Single Strategy Execution,7,0,No expansion needed for this task.,"This task involves integrating multiple modules and tracking metrics, which increases complexity due to dependencies and the need for comprehensive testing.",2026-01-22T04:07:44.356Z,5,30
50,Develop Query Result TTL Cache,5,0,No expansion needed for this task.,"Implementing a TTL cache involves understanding caching mechanisms and ensuring correct expiration, which is moderately complex.",2026-01-22T04:07:44.356Z,5,30
33,Develop Benchmark Runner,7,0,No expansion needed for this task.,"Running benchmarks with statistical analysis involves complex logic and handling multiple iterations, requiring careful design and testing.",2026-01-22T04:07:44.356Z,5,30
34,Create Ground Truth Management,6,0,No expansion needed for this task.,"Managing datasets and ensuring correct schema validation involves moderate complexity, especially with LLM-assisted generation.",2026-01-22T04:07:44.356Z,5,30
27,Add Chain Fallback Handler,6,0,No expansion needed for this task.,"Implementing fallback mechanisms requires handling various failure scenarios and ensuring robust error logging, adding to the complexity.",2026-01-22T04:07:44.356Z,5,30
22,Implement Strategy Registry,5,3,Break down this task with a focus on implement strategy registry.,Automatically added due to missing analysis in AI response.,2026-01-22T04:07:44.356Z,5,30
23,Develop Cost Tracking Module,5,3,Break down this task with a focus on develop cost tracking module.,Automatically added due to missing analysis in AI response.,2026-01-22T04:07:44.356Z,5,30
25,Create Chain State Management,5,3,Break down this task with a focus on create chain state management.,Automatically added due to missing analysis in AI response.,2026-01-22T04:07:44.356Z,5,30
28,Develop Parallel Execution Engine,5,3,Break down this task with a focus on develop parallel execution engine.,Automatically added due to missing analysis in AI response.,2026-01-22T04:07:44.356Z,5,30
30,Create Comparison Result Aggregator,5,3,Break down this task with a focus on create comparison result aggregator.,Automatically added due to missing analysis in AI response.,2026-01-22T04:07:44.356Z,5,30
31,Add Timeout and Partial Failure Handler,5,3,Break down this task with a focus on add timeout and partial failure handler.,Automatically added due to missing analysis in AI response.,2026-01-22T04:07:44.356Z,5,30
32,Implement IR Metrics Calculation,5,3,Break down this task with a focus on implement ir metrics calculation.,Automatically added due to missing analysis in AI response.,2026-01-22T04:07:44.356Z,5,30
35,Generate Markdown Report,5,3,Break down this task with a focus on generate markdown report.,Automatically added due to missing analysis in AI response.,2026-01-22T04:07:44.356Z,5,30
36,Create HTML Report Generator,5,3,Break down this task with a focus on create html report generator.,Automatically added due to missing analysis in AI response.,2026-01-22T04:07:44.356Z,5,30
37,Develop JSON Report Exporter,5,3,Break down this task with a focus on develop json report exporter.,Automatically added due to missing analysis in AI response.,2026-01-22T04:07:44.356Z,5,30
38,Setup API Key Hash Verification,5,3,Break down this task with a focus on setup api key hash verification.,Automatically added due to missing analysis in AI response.,2026-01-22T04:07:44.356Z,5,30
40,Develop Redis Sliding Window Counter,5,3,Break down this task with a focus on develop redis sliding window counter.,Automatically added due to missing analysis in AI response.,2026-01-22T04:07:44.356Z,5,30
41,Create Rate Limit Result Calculator,5,3,Break down this task with a focus on create rate limit result calculator.,Automatically added due to missing analysis in AI response.,2026-01-22T04:07:44.356Z,5,30
42,Add Rate Limiter Fail-Open Handler,5,3,Break down this task with a focus on add rate limiter fail-open handler.,Automatically added due to missing analysis in AI response.,2026-01-22T04:07:44.356Z,5,30
43,Develop Strategy Endpoints,5,3,Break down this task with a focus on develop strategy endpoints.,Automatically added due to missing analysis in AI response.,2026-01-22T04:07:44.356Z,5,30
44,Create Metrics Calculation Endpoint,5,3,Break down this task with a focus on create metrics calculation endpoint.,Automatically added due to missing analysis in AI response.,2026-01-22T04:07:44.356Z,5,30
45,Add Batch Metrics Endpoint,5,3,Break down this task with a focus on add batch metrics endpoint.,Automatically added due to missing analysis in AI response.,2026-01-22T04:07:44.356Z,5,30
46,Create Async Benchmark Trigger Endpoint,5,3,Break down this task with a focus on create async benchmark trigger endpoint.,Automatically added due to missing analysis in AI response.,2026-01-22T04:07:44.356Z,5,30
47,Develop Benchmark Status Endpoint,5,3,Break down this task with a focus on develop benchmark status endpoint.,Automatically added due to missing analysis in AI response.,2026-01-22T04:07:44.356Z,5,30
48,Setup Embedding Cache Core,5,3,Break down this task with a focus on setup embedding cache core.,Automatically added due to missing analysis in AI response.,2026-01-22T04:07:44.356Z,5,30
49,Create Embedding Cache Key Generator,5,3,Break down this task with a focus on create embedding cache key generator.,Automatically added due to missing analysis in AI response.,2026-01-22T04:07:44.356Z,5,30
